{
    "loss": 87.26886749267578,
    "accuracy": 0.48201438784599304
}