{
    "loss": 6.930286407470703,
    "accuracy": 0.8417266011238098
}