{
    "loss": 70.54230499267578,
    "accuracy": 0.5467625856399536
}