{
    "loss": 4.26299524307251,
    "accuracy": 0.5467625856399536
}