{
    "loss": 4.500722885131836,
    "accuracy": 0.8848921060562134
}