{
    "loss": 54.39424133300781,
    "accuracy": 0.5179855823516846
}