{
    "loss": 1.7283728122711182,
    "accuracy": 0.7050359845161438
}