{
    "loss": 0.19548562169075012,
    "accuracy": 0.9568345546722412
}