{
    "loss": 85.2358169555664,
    "accuracy": 0.5395683646202087
}